name,categories,local_path,title,description
a close up of a pine tree branch,images/a close up of a pine tree branch.jpg
man in white long sleeve shirt standing on stage,images/man in white long sleeve shirt standing on stage.jpg
man holding black studio camera set,images/man holding black studio camera set.jpg
a man in a tie standing in a field,images/a man in a tie standing in a field.jpg
a person standing in a field with a camera,images/a person standing in a field with a camera.jpg
a blue abstract object is shown against a purple background,images/a blue abstract object is shown against a purple background.jpg
two people standing on a bridge looking at the water KWW_0hv,images/two people standing on a bridge looking at the water KWW_0hv.jpg
a black and white photo of a person standing in front of a wall,images/a black and white photo of a person standing in front of a wall.jpg
a man riding a skateboard down a set of stairs,images/a man riding a skateboard down a set of stairs.jpg
a portrait of a mature industrial man and woman engineer with tablet in a factory working,images/a portrait of a mature industrial man and woman engineer with tablet in a factory working.jpg
the sun is setting over the mountains in the distance,images/the sun is setting over the mountains in the distance.jpg








ee.,images/ee..jpg


brown textile,images/brown textile.jpg
te ngaere,images/te ngaere.jpg
new,images/new.jpg




el,images/el.jpg




sentiero,images/sentiero.jpg


air,images/air.jpg
photo of outer space,images/photo of outer space.jpg
food and,images/food and.jpg
afternoon,images/afternoon.jpg

regent,images/regent.jpg





morning,images/morning.jpg

jalan madong,images/jalan madong.jpg
mamatjoe dimsum,images/mamatjoe dimsum.jpg
six,images/six.jpg

public,images/public.jpg
an escalator in a building with a brick wall,images/an escalator in a building with a brick wall.jpg
black,images/black.jpg
woman in white wedding dress standing on the ground,images/woman in white wedding dress standing on the ground.jpg


strength,images/strength.jpg




glass,images/glass.jpg


body,images/body.jpg




a cobblestone street at night with street lights,images/a cobblestone street at night with street lights.jpg
legal,images/legal.jpg
capital   architectural,images/capital   architectural.jpg





building,images/building.jpg

a city street at night with street lights,images/a city street at night with street lights.jpg

syracuse roman,images/syracuse roman.jpg

yellow lemon fruit on green surface,images/yellow lemon fruit on green surface.jpg
roasted coffee,images/roasted coffee.jpg

shop,images/shop.jpg

hong,images/hong.jpg

siracusa,images/siracusa.jpg
Marijampol%C4%97%2C Marijampol%C4%97 Municipality%2C,images/Marijampol%C4%97%2C Marijampol%C4%97 Municipality%2C.jpg



sell your,images/sell your.jpg


a low poly model of a coffee shop,images/a low poly model of a coffee shop.jpg
a cup of coffee sitting on top of a table,images/a cup of coffee sitting on top of a table.jpg

abandoned theme,images/abandoned theme.jpg
a plane flying low over a runway with trees in the background,images/a plane flying low over a runway with trees in the background.jpg

close up photo of lavender,images/close up photo of lavender.jpg

3 rue,images/3 rue.jpg
faroe,images/faroe.jpg

potter's,images/potter's.jpg




37129 verona,images/37129 verona.jpg

vicolo,images/vicolo.jpg

colorado,images/colorado.jpg
dark mode,images/dark mode.jpg
romantic,images/romantic.jpg
a table topped with three plates of food 9TEJ,images/a table topped with three plates of food 9TEJ.jpg


museo archeologico della chiesa di sant',images/museo archeologico della chiesa di sant'.jpg




a building with windows and balconies,images/a building with windows and balconies.jpg
green palm tree near white concrete building during daytime,images/green palm tree near white concrete building during daytime.jpg
piazza san,images/piazza san.jpg
birds eye view of seashore,images/birds eye view of seashore.jpg


clear,images/clear.jpg


fall,images/fall.jpg


green coconut tree under skies,images/green coconut tree under skies.jpg

low angle photography of basketball hoop,images/low angle photography of basketball hoop.jpg

multicolored hallway,images/multicolored hallway.jpg
the blue,images/the blue.jpg
ucr botanic,images/ucr botanic.jpg


Riverside%2C United,images/Riverside%2C United.jpg


nature,images/nature.jpg
maui,images/maui.jpg
two children running at the beach shore during sunset,images/two children running at the beach shore during sunset.jpg

west,images/west.jpg

hd landscape,images/hd landscape.jpg
support local,images/support local.jpg
hd,images/hd.jpg
seen a,images/seen a.jpg

self,images/self.jpg
jenga,images/jenga.jpg
%D8%A8%D8%B1%D8%A7%D8%AC %D8%A7%D9%84%D9%85%D8%B5%D8%B1%D9%8A,images/%D8%A8%D8%B1%D8%A7%D8%AC %D8%A7%D9%84%D9%85%D8%B5%D8%B1%D9%8A.jpg
hands formed together with red heart paint,images/hands formed together with red heart paint.jpg
red concrete bridge surrounded by clouds,images/red concrete bridge surrounded by clouds.jpg



west asian,images/west asian.jpg
egyptian pyramids on an arid landscape,images/egyptian pyramids on an arid landscape.jpg


depth of,images/depth of.jpg
woman in white vest and black bikini with hand on chest,images/woman in white vest and black bikini with hand on chest.jpg
yoga,images/yoga.jpg
colleville sur,images/colleville sur.jpg
cemetery in green open field during daytime,images/cemetery in green open field during daytime.jpg
scenic view of a the pyramid of giza from egypt,images/scenic view of a the pyramid of giza from egypt.jpg
stone,images/stone  .jpg






west asian,images/west asian.jpg

badung,images/badung.jpg
thatched,images/thatched.jpg



terracotta soldiers,images/terracotta soldiers.jpg

uluwatu,images/uluwatu.jpg
time lapse photography of cars beside houses,images/time lapse photography of cars beside houses.jpg
girl,images/girl.jpg
Xi'an%2C,images/Xi'an%2C.jpg


a person in a body of water,images/a person in a body of water.jpg
kecak,images/kecak.jpg


man and woman holding hands white facing sunset,images/man and woman holding hands white facing sunset.jpg


coffee,images/coffee.jpg
man and woman dancing wearing casual dresses,images/man and woman dancing wearing casual dresses.jpg
azure,images/azure.jpg

cars in,images/cars in.jpg
counter,images/counter.jpg
items on shelf,images/items on shelf.jpg




a couple of cars that are sitting in the street,images/a couple of cars that are sitting in the street.jpg
coffee,images/coffee.jpg
dirty,images/dirty.jpg
two martini glasses with olives in them on a red table W_,images/two martini glasses with olives in them on a red table W_.jpg

kit,images/kit.jpg
warden woods,images/warden woods.jpg


milk,images/milk.jpg
grafiti wall art,images/grafiti wall art.jpg

brown fox on black concrete floor,images/brown fox on black concrete floor.jpg
san,images/san.jpg




panoramic photography of grey concrete building through doorway p8oblxRJ,images/panoramic photography of grey concrete building through doorway p8oblxRJ.jpg

coffee and,images/coffee and.jpg
paseo de la,images/paseo de la.jpg
green fruit with water droplets,images/green fruit with water droplets.jpg

apple,images/apple.jpg
digital,images/digital.jpg
pepsi,images/pepsi.jpg
seiko,images/seiko.jpg

golf,images/golf.jpg
tech,images/tech.jpg

white polaroid land camera,images/white polaroid land camera.jpg


a watch sitting on top of a metal container,images/a watch sitting on top of a metal container.jpg
old kinderhook,images/old kinderhook.jpg
seiko,images/seiko.jpg
italian,images/italian.jpg



monotheistic abrahamic,images/monotheistic abrahamic.jpg
social,images/social.jpg
action,images/action.jpg




round silver colored analog watch,images/round silver colored analog watch.jpg


woman wearing white long sleeved top and black pleated skirt,images/woman wearing white long sleeved top and black pleated skirt.jpg



group of cheerful senior friends at dinner party at home with glasses of wine,images/group of cheerful senior friends at dinner party at home with glasses of wine.jpg




a table topped with white plates filled with food,images/a table topped with white plates filled with food.jpg
south jakarta,images/south jakarta.jpg
jakarta,images/jakarta.jpg
valentine's day,images/valentine's day  .jpg



a group of people preparing food in a kitchen,images/a group of people preparing food in a kitchen.jpg

a couple of people that are standing in a kitchen,images/a couple of people that are standing in a kitchen.jpg
night street,images/night street.jpg
a close up of a statue of a man with his arm in the air,images/a close up of a statue of a man with his arm in the air.jpg
person holding bouquet of flower,images/person holding bouquet of flower.jpg
a group of trees,images/a group of trees.jpg

lots of,images/lots of.jpg


micro four,images/micro four.jpg
vintage street,images/vintage street.jpg



2,images/2.jpg
hanmer,images/hanmer.jpg
a group of balloons floating in the air,images/a group of balloons floating in the air.jpg
toad,images/toad.jpg
a slice of cake on a plate with sprinkles,images/a slice of cake on a plate with sprinkles.jpg


a street light in front of a brick building,images/a street light in front of a brick building.jpg



kaliningrad,images/kaliningrad.jpg


vacant,images/vacant.jpg
brown and black frog on green grass,images/brown and black frog on green grass.jpg
old,images/old.jpg
person walking on seashore during daytime,images/person walking on seashore during daytime.jpg

a statue of a man riding a horse on top of a stone wall,images/a statue of a man riding a horse on top of a stone wall.jpg
brown and grey beaded dragon on water closeup photography,images/brown and grey beaded dragon on water closeup photography.jpg
a woman is dancing in a white room,images/a woman is dancing in a white room.jpg

russian,images/russian.jpg
water,images/water.jpg
poses,images/poses.jpg
eye,images/eye.jpg
vintage,images/vintage.jpg
hermitage,images/hermitage.jpg
man in black and white shirt painting,images/man in black and white shirt painting.jpg
palace,images/palace.jpg

a woman sitting on a chair in front of a curtain,images/a woman sitting on a chair in front of a curtain.jpg
blue,images/blue.jpg
camera,images/camera.jpg
brass uplight chandelier turned on in room,images/brass uplight chandelier turned on in room.jpg

architectural,images/architectural.jpg

film,images/film.jpg
a black and silver camera sitting on top of a table,images/a black and silver camera sitting on top of a table.jpg

white,images/white.jpg


chinatown,images/chinatown.jpg
a woman in a red costume is posing for a picture,images/a woman in a red costume is posing for a picture.jpg







person holding smartphone,images/person holding smartphone.jpg




green trees on mountain during daytime,images/green trees on mountain during daytime.jpg
grayscaled photo of man leaning against bridge railing,images/grayscaled photo of man leaning against bridge railing.jpg





east midlands,images/east midlands.jpg

orange,images/orange.jpg



a military truck with a missile on the back of it,images/a military truck with a missile on the back of it.jpg
race,images/race.jpg

narita airport terminal,images/narita airport terminal.jpg


fire,images/fire.jpg
person on snow field,images/person on snow field.jpg
racing,images/racing.jpg
go%C3%B0afoss,images/go%C3%B0afoss.jpg

woman holding medical tool on persons mouth  _u2i16I,images/woman holding medical tool on persons mouth  _u2i16I.jpg
successful,images/successful.jpg
twentynine,images/twentynine.jpg
female nails with different pastel colors and makeup on skin on white background home modern manicure female hand raised up woman rights,images/female nails with different pastel colors and makeup on skin on white background home modern manicure female hand raised up woman rights.jpg
people,images/people.jpg

time lapse photo and aerial view of river surrounded by rocky mountains,images/time lapse photo and aerial view of river surrounded by rocky mountains.jpg
arch,images/arch.jpg
a red car driving down a dirt road,images/a red car driving down a dirt road .jpg
smiling man using laptop computer while sitting on black leather sofa,images/smiling man using laptop computer while sitting on black leather sofa.jpg
a woman wearing a hat,images/a woman wearing a hat.jpg
women in,images/women in.jpg
a statue of a person covered in snow,images/a statue of a person covered in snow.jpg
al aire,images/al aire.jpg

brown rock formation under blue sky during daytime c1DYDu,images/brown rock formation under blue sky during daytime c1DYDu.jpg


person using smartphone and macbook,images/person using smartphone and macbook.jpg
ice,images/ice.jpg
tilicho,images/tilicho.jpg





kaweah,images/kaweah.jpg
himalaya,images/himalaya.jpg


mar,images/mar.jpg



uttarakhand,images/uttarakhand.jpg

verlet,images/verlet.jpg
people on snow covered ground during daytime,images/people on snow covered ground during daytime.jpg


r%C3%A9publique,images/r%C3%A9publique.jpg


cielo del,images/cielo del.jpg


a blue car parked on the side of the road Q,images/a blue car parked on the side of the road Q.jpg

chemin du parc,images/chemin du parc.jpg
grand,images/grand.jpg
epiphany,images/epiphany.jpg
somerset,images/somerset.jpg
lourensford wine,images/lourensford wine.jpg
white bmw car parked on sidewalk during daytime,images/white bmw car parked on sidewalk during daytime.jpg

a close up of a plant with a blurry background,images/a close up of a plant with a blurry background.jpg
atardeceres de,images/atardeceres de.jpg


light,images/light.jpg
a person hitting a ball with a racket,images/a person hitting a ball with a racket.jpg
lourensford,images/lourensford.jpg
shallow focus photography of green farm,images/shallow focus photography of green farm.jpg
Lourensford Wine Estate%2C Somerset West%2C Cape Town%2C South,images/Lourensford Wine Estate%2C Somerset West%2C Cape Town%2C South.jpg

light bulb on pile of books,images/light bulb on pile of books.jpg


gli,images/gli.jpg
two black suede armchairs during daytime,images/two black suede armchairs during daytime.jpg
green leafed plants during daytime,images/green leafed plants during daytime.jpg

green plants on beige wooden panel,images/green plants on beige wooden panel.jpg
a building with a mural on the side of it,images/a building with a mural on the side of it.jpg
a bicycle parked next to a pole near a body of water,images/a bicycle parked next to a pole near a body of water.jpg
a close up of a white line on a green surface,images/a close up of a white line on a green surface.jpg


home,images/home.jpg

jezioro,images/jezioro.jpg



hip,images/hip.jpg



kitchen with island and table,images/kitchen with island and table.jpg
a body of water surrounded by trees and a radio tower,images/a body of water surrounded by trees and a radio tower.jpg
photo of trees and plants,images/photo of trees and plants.jpg



music,images/music.jpg
cinematography video,images/cinematography video.jpg
uinta wasatch cache national,images/uinta wasatch cache national.jpg
dream,images/dream.jpg

blue,images/blue.jpg
indoor,images/indoor.jpg

a large group of trees in the middle of a forest,images/a large group of trees in the middle of a forest.jpg
black and silver camera with tripod,images/black and silver camera with tripod.jpg
red,images/red.jpg
green plant on white ceramic pot,images/green plant on white ceramic pot.jpg
model,images/model.jpg




%D8%A5%D9%84%D8%AA%D9%82%D8%A7%D8%B7,images/%D8%A5%D9%84%D8%AA%D9%82%D8%A7%D8%B7.jpg
photoshoot,images/photoshoot.jpg
a man is posing for a picture in black and white,images/a man is posing for a picture in black and white.jpg
make,images/make.jpg

woman in red and blue halter top,images/woman in red and blue halter top.jpg
a close up of a persons eye with water drops on it,images/a close up of a persons eye with water drops on it.jpg
photo,images/photo.jpg


%D8%AC%D9%84%D8%B3%D8%A9 %D8%AA%D8%B5%D9%88%D9%8A%D8%B1,images/%D8%AC%D9%84%D8%B3%D8%A9 %D8%AA%D8%B5%D9%88%D9%8A%D8%B1.jpg
%D8%A7%D9%84%D9%85%D8%AF%D9%8A%D9%86%D8%A9 %D8%A7%D9%84%D9%85%D9%86%D9%88%D8%B1%D8%A9,images/%D8%A7%D9%84%D9%85%D8%AF%D9%8A%D9%86%D8%A9 %D8%A7%D9%84%D9%85%D9%86%D9%88%D8%B1%D8%A9.jpg
%D8%B9%D8%B7%D8%B1,images/%D8%B9%D8%B7%D8%B1.jpg
caliscaar,images/caliscaar.jpg
woman holding black lipstick in close up photography,images/woman holding black lipstick in close up photography.jpg
a man with a necklace yVE,images/a man with a necklace yVE.jpg
a woman with her eyes closed,images/a woman with her eyes closed.jpg
a person with red lipstick,images/a person with red lipstick.jpg

%D8%B1%D9%82%D8%A8%D8%A9,images/%D8%B1%D9%82%D8%A8%D8%A9.jpg


hearing,images/hearing.jpg
beauty,images/beauty.jpg
hearing,images/hearing.jpg
a close up of a woman with freckles on her face,images/a close up of a woman with freckles on her face.jpg
face,images/face.jpg

a black and white photo of a curved object,images/a black and white photo of a curved object.jpg
a black and white photo of a desert kW,images/a black and white photo of a desert kW.jpg
a man wearing glasses and a pair of ear phones,images/a man wearing glasses and a pair of ear phones.jpg

scrabble tiles spelling do you want to hear better,images/scrabble tiles spelling do you want to hear better.jpg

a close up of a white and pink object HIv,images/a close up of a white and pink object HIv.jpg
a close up of a blue background with a curved design FW2WYX,images/a close up of a blue background with a curved design FW2WYX.jpg

a group of pink objects sitting on top of a table,images/a group of pink objects sitting on top of a table.jpg
a light blue fan sitting on top of a table,images/a light blue fan sitting on top of a table.jpg

wallpapers for,images/wallpapers for.jpg
white ruler on white paper,images/white ruler on white paper.jpg


graphs of performance analytics on a laptop screen,images/graphs of performance analytics on a laptop screen.jpg
person holding white samsung galaxy tab jrh5lAq,images/person holding white samsung galaxy tab jrh5lAq.jpg
closeup photography of ice cream on mug,images/closeup photography of ice cream on mug.jpg

a laptop computer sitting on top of a desk,images/a laptop computer sitting on top of a desk.jpg
lake,images/lake.jpg

hot,images/hot.jpg
air,images/air.jpg

web,images/web.jpg
pine trees and blue lake,images/pine trees and blue lake.jpg
computer,images/computer.jpg

shallow focus photography of green teacup with coffee inside,images/shallow focus photography of green teacup with coffee inside.jpg

shallow focus of bubbles,images/shallow focus of bubbles.jpg
cannonbury,images/cannonbury.jpg

mount,images/mount.jpg
Yosemite National Park%2C United,images/Yosemite National Park%2C United.jpg
green,images/green.jpg
photo of green leafed plants QKo,images/photo of green leafed plants QKo.jpg
christmas,images/christmas.jpg


mount,images/mount.jpg
mount rushmore,images/mount rushmore.jpg
brown rocky mountain with green trees during daytime,images/brown rocky mountain with green trees during daytime.jpg


padlock on metal bar,images/padlock on metal bar.jpg
south,images/south.jpg

the sun shines brightly over a snowy field,images/the sun shines brightly over a snowy field.jpg

a lone tree in the middle of a snowy field,images/a lone tree in the middle of a snowy field.jpg
ganesh,images/ganesh.jpg

island,images/island.jpg





cliff,images/cliff.jpg
a large jetliner flying over a lush green field,images/a large jetliner flying over a lush green field.jpg


white,images/white.jpg
a large body of water surrounded by fog,images/a large body of water surrounded by fog .jpg
church of the holy,images/church of the holy.jpg
forest,images/forest.jpg
a large jetliner flying over a large body of water,images/a large jetliner flying over a large body of water.jpg
digital,images/digital.jpg
brain,images/brain.jpg
brain,images/brain.jpg
forest,images/forest.jpg

a dirt road in the middle of a forest,images/a dirt road in the middle of a forest.jpg
a close up of a card h6,images/a close up of a card h6.jpg



plasma ball digital wallpaper,images/plasma ball digital wallpaper.jpg
beige liquid illustration,images/beige liquid illustration.jpg



taylor,images/taylor.jpg
art,images/art.jpg




a person is painting the word town on the side of a building,images/a person is painting the word town on the side of a building.jpg
tamil,images/tamil.jpg
flower,images/flower.jpg


motor,images/motor.jpg

a windmill in a field with a mountain in the background DFODY4As,images/a windmill in a field with a mountain in the background DFODY4As.jpg


isha,images/isha.jpg

aerial photography of buildings viewing mountain under blue and gray sky JPeHVH,images/aerial photography of buildings viewing mountain under blue and gray sky JPeHVH.jpg

a very tall tower with statues on its sides,images/a very tall tower with statues on its sides.jpg

Aralvaimozhi%2C Tamil Nadu%2C,images/Aralvaimozhi%2C Tamil Nadu%2C.jpg

black and gold box mod,images/black and gold box mod.jpg
beauty flat,images/beauty flat.jpg
six teal icing cupcakes with sprinkles,images/six teal icing cupcakes with sprinkles.jpg

people near taj mahal,images/people near taj mahal.jpg
taj mahal india,images/taj mahal india.jpg


Taj Mahal%2C Agra%2C,images/Taj Mahal%2C Agra%2C.jpg




a group of people standing in front of a building zVB,images/a group of people standing in front of a building zVB.jpg
heritage,images/heritage.jpg

wonders of the,images/wonders of the.jpg

african american,images/african american.jpg
a large building with brandenburg gate in the background Py,images/a large building with brandenburg gate in the background Py.jpg
lone,images/lone.jpg
frankston,images/frankston.jpg
heritage,images/heritage.jpg
frankston,images/frankston.jpg
car,images/car.jpg
pier,images/pier.jpg
cityscape,images/cityscape.jpg
cityscape,images/cityscape.jpg
kom ad dakah,images/kom ad dakah.jpg
woman wearing grey frame eyeglasses,images/woman wearing grey frame eyeglasses.jpg
ancient roman,images/ancient roman.jpg
the sun is setting over the ocean with a pier in the background,images/the sun is setting over the ocean with a pier in the background.jpg


a city with boats and people,images/a city with boats and people.jpg

night,images/night.jpg
new,images/new.jpg
shaftesbury,images/shaftesbury.jpg

Kavala%2C,images/Kavala%2C.jpg
man in black jacket standing near glass window 7kXr,images/man in black jacket standing near glass window 7kXr.jpg
white,images/white.jpg
white sand under blue sky during daytime,images/white sand under blue sky during daytime.jpg

%CE%BD%CE%B1%CF%8C%CF%82 %CE%B1%CE%B3%CE%AF%CE%BF%CF%85 %CE%BD%CE%B9%CE%BA%CE%BF%CE%BB%CE%AC%CE%BF%CF%85,images/%CE%BD%CE%B1%CF%8C%CF%82 %CE%B1%CE%B3%CE%AF%CE%BF%CF%85 %CE%BD%CE%B9%CE%BA%CE%BF%CE%BB%CE%AC%CE%BF%CF%85.jpg



nuevo,images/nuevo.jpg
foggy,images/foggy.jpg
White Sands National Park%2C New Mexico%2C,images/White Sands National Park%2C New Mexico%2C.jpg


richti,images/richti.jpg

z%C5%82ota,images/z%C5%82ota.jpg

east,images/east.jpg
black balsam,images/black balsam.jpg
on our way on the west highland way,images/on our way on the west highland way.jpg
bald,images/bald.jpg
austria,images/austria.jpg


egg,images/egg.jpg
egg on white ceramic plate beside stainless steel fork and knife 9sgaZwWw,images/egg on white ceramic plate beside stainless steel fork and knife 9sgaZwWw.jpg

mountain,images/mountain.jpg
mountain,images/mountain.jpg

white egg on brown egg tray,images/white egg on brown egg tray.jpg
eye,images/eye.jpg

spray,images/spray.jpg
sawah,images/sawah.jpg
person holding pink heart ornament,images/person holding pink heart ornament.jpg
mental health,images/mental health.jpg
stampede,images/stampede.jpg


half,images/half.jpg
wite,images/wite.jpg

fine,images/fine.jpg
boston public,images/boston public.jpg
pia%C8%9Ba,images/pia%C8%9Ba.jpg
rustic,images/rustic.jpg

ketogenic,images/ketogenic.jpg

mallard duck in body of water,images/mallard duck in body of water.jpg
top view mens hands holding the soil with little plant in the middle,images/top view mens hands holding the soil with little plant in the middle.jpg

person holding white ceramic plate,images/person holding white ceramic plate.jpg

Boston Public,images/Boston Public.jpg

fremantle wa,images/fremantle wa.jpg



planting,images/planting.jpg
close up photography of green plant WZwv4g,images/close up photography of green plant WZwv4g.jpg


food,images/food.jpg


